Period,Units,LSTM_Layers,Test_RMSE
5_years,50,1,0.027237579617902182
5_years,50,2,0.02285976038161245
5_years,100,1,0.02003473820018619
5_years,100,2,0.02986376581280985
10_years,50,1,0.028304842476037026
10_years,50,2,0.05930521814466349
10_years,100,1,0.026409295886597774
10_years,100,2,0.032740443490492925
